,query_id,recall,average_precision
0,0,0.14285714285714285,0.64
1,1,0.08333333333333333,0.32
2,2,0.0,0.0
3,3,0.0,0.0
4,4,0.25,0.16
5,5,0.0,0.0
