,query_id,recall,average_precision
0,0,0.10714285714285714,0.48
1,1,0.08333333333333333,0.32
2,2,0.0,0.0
3,3,0.5,0.16
4,4,0.25,0.16
5,5,0.0,0.0
